﻿designator,quantity,value,pack,mpn,mount_type
C1,1,10n,C_0402_1005Metric,CC0402KRX7R9BB103,smt
C2,1,100n,C_0402_1005Metric,CC0402KRX5R6BB104,smt
"C3, C4",2,10u,C_0805_2012Metric,,smt
C5,1,100n,C_0603_1608Metric,,smt
"C6, C7",2,100n,C_0402_1005Metric,,smt
"D1, D2, D3, D4, D5, D6, D7, D8",8,ESD5651N,D_SOD-882,,smt
F1,1,SMD0805P075TF,Fuse_0805_2012Metric,SMD0805P075TF,smt
FB1,1,MMZ1608B601CTAH0,L_0603_1608Metric,MMZ1608B601CTAH0,smt
"H1, H2, H3",3,MountingHole,MountingHole_2.2mm_M2_DIN965_Pad,,tht
J1,1,U262-161N-4BVC11,USB_C_Receptacle_XKB_U262-16XN-4BVC11,U262-161N-4BVC11,smt
"J2, J3",2,Conn_01x02,PinHeader_1x02_P2.54mm_Horizontal,,tht
J4,1,Conn_01x08,PinHeader_1x08_P2.54mm_Horizontal,,tht
"R1, R2, R4",3,5.1K,R_0402_1005Metric,,smt
R3,1,10K,R_0603_1608Metric,,smt
"SW1, SW2",2,TL3342F160QG,SW_SPST_TL3342,TL3342F160QG,smt
"TP1, TP2, TP3, TP4, TP5, TP6, TP7, TP8, TP9",9,90055-AS,90055-AS,,tht
U1,1,USBLC6-2P6,SOT-666,USBLC6-2P6,smt
U2,1,XC6220B331MR-G,SOT-23-5,XC6220B331MR-G,smt
U3,1,CH340E,MSOP-10_3x3mm_P0.5mm,CH340E,smt
U4,1,TXS0102DCUR,SOP50P310X90-8N,,smt
