﻿pos_x,pos_y,rotation,side,designator,mpn,pack,value,mount_type,place
154.59,-78.874601,0.0,top,C1,CC0402KRX7R9BB103,C_0402_1005Metric,10n,smt,True
154.59,-77.731601,0.0,top,C2,CC0402KRX5R6BB104,C_0402_1005Metric,100n,smt,True
159.162,-78.867001,90.0,top,C3,,C_0805_2012Metric,10u,smt,True
165.766,-78.867001,90.0,top,C4,,C_0805_2012Metric,10u,smt,True
159.1917,-85.217001,180.0,top,C5,,C_0603_1608Metric,100n,smt,True
168.2576,-85.408001,180.0,top,C6,,C_0402_1005Metric,100n,smt,True
167.7496,-79.312001,90.0,top,C7,,C_0402_1005Metric,100n,smt,True
191.135,-91.694001,90.0,top,D1,,D_SOD-882,ESD5651N,smt,True
187.833,-91.694001,90.0,top,D2,,D_SOD-882,ESD5651N,smt,True
184.531,-91.694001,90.0,top,D3,,D_SOD-882,ESD5651N,smt,True
181.229,-91.694001,90.0,top,D4,,D_SOD-882,ESD5651N,smt,True
177.927,-91.694001,90.0,top,D5,,D_SOD-882,ESD5651N,smt,True
174.625,-91.694001,90.0,top,D6,,D_SOD-882,ESD5651N,smt,True
168.021,-91.694001,90.0,top,D7,,D_SOD-882,ESD5651N,smt,True
171.323,-91.694001,90.0,top,D8,,D_SOD-882,ESD5651N,smt,True
157.003,-78.867001,-90.0,top,F1,SMD0805P075TF,Fuse_0805_2012Metric,SMD0805P075TF,smt,True
152.558,-78.747601,90.0,top,FB1,MMZ1608B601CTAH0,L_0603_1608Metric,MMZ1608B601CTAH0,smt,True
146.685,-71.517,90.0,top,H1,,MountingHole_2.2mm_M2_DIN965_Pad,MountingHole,tht,False
146.685,-92.059001,90.0,top,H2,,MountingHole_2.2mm_M2_DIN965_Pad,MountingHole,tht,False
202.329472,-92.059001,0.0,top,H3,,MountingHole_2.2mm_M2_DIN965_Pad,MountingHole,tht,False
146.685,-81.788001,-90.0,top,J1,U262-161N-4BVC11,USB_C_Receptacle_XKB_U262-16XN-4BVC11,U262-161N-4BVC11,smt,True
200.533,-79.305001,90.0,top,J2,,PinHeader_1x02_P2.54mm_Horizontal,Conn_01x02,tht,True
194.183,-79.305001,90.0,top,J3,,PinHeader_1x02_P2.54mm_Horizontal,Conn_01x02,tht,True
172.608,-79.305001,90.0,top,J4,,PinHeader_1x08_P2.54mm_Horizontal,Conn_01x08,tht,True
154.59,-80.017601,0.0,top,R1,,R_0402_1005Metric,5.1K,smt,True
152.939,-83.573601,0.0,top,R2,,R_0402_1005Metric,5.1K,smt,True
161.9505,-76.261001,180.0,top,R3,,R_0603_1608Metric,10K,smt,True
168.7656,-79.312001,-90.0,top,R4,,R_0402_1005Metric,5.1K,smt,True
154.559,-90.297001,-90.0,top,SW1,TL3342F160QG,SW_SPST_TL3342,TL3342F160QG,smt,True
161.163,-90.297001,90.0,top,SW2,TL3342F160QG,SW_SPST_TL3342,TL3342F160QG,smt,True
169.672,-91.694001,0.0,bottom,TP1,,90055-AS,90055-AS,tht,True
166.37,-91.694001,0.0,bottom,TP2,,90055-AS,90055-AS,tht,True
172.974,-91.694001,0.0,bottom,TP3,,90055-AS,90055-AS,tht,True
176.276,-91.694001,0.0,bottom,TP4,,90055-AS,90055-AS,tht,True
179.578,-91.694001,0.0,bottom,TP5,,90055-AS,90055-AS,tht,True
182.88,-91.694001,0.0,bottom,TP6,,90055-AS,90055-AS,tht,True
186.182,-91.694001,0.0,bottom,TP7,,90055-AS,90055-AS,tht,True
189.484,-91.694001,0.0,bottom,TP8,,90055-AS,90055-AS,tht,True
192.786,-91.694001,0.0,bottom,TP9,,90055-AS,90055-AS,tht,True
153.574,-81.795601,0.0,top,U1,USBLC6-2P6,SOT-666,USBLC6-2P6,smt,True
162.464,-78.867001,0.0,top,U2,XC6220B331MR-G,SOT-23-5,XC6220B331MR-G,smt,True
159.2425,-82.550001,0.0,top,U3,CH340E,MSOP-10_3x3mm_P0.5mm,CH340E,smt,True
168.275,-82.550001,90.0,top,U4,,SOP50P310X90-8N,TXS0102DCUR,smt,True
