﻿designator,quantity,value,pack,mpn,mount_type
AE1,1,Antenna,Texas_SWRA416_868MHz_915MHz,,smt
"BT1, BT2",2,Battery_Cell,BAT-SMD_MY-2032-12,,smt
"C1, C3, C4",3,4u7,C_0402_1005Metric,,smt
"C10, C11, C14, C22, C23, C24, C5, C6, C7, C8",10,100n,C_0402_1005Metric,,smt
"C12, C13, C15, C19, C2, C25",6,1u,C_0402_1005Metric,,smt
C16,1,470u,CP_EIA-7343-40_Kemet-Y,,smt
C17,1,10u,C_0603_1608Metric,,smt
"C18, C20",2,DNP,C_0603_1608Metric,,smt
C21,1,22u,C_1206_3216Metric,,smt
C9,1,470n,C_0402_1005Metric,,smt
"D1, D2, D3, D4, D5, D6, D7, D8",8,ESD5651N,D_SOD-882,,smt
J1,1,Conn_01x02,Battery_Pad,,smt
JP1,1,OUTPUT_SELECT,SolderJumper-3_P1.3mm_Open_RoundedPad1.0x1.5mm,,tht
"L1, L3, L4",3,120,L_0402_1005Metric,,smt
L2,1,15u,L_0805_2012Metric,,smt
L5,1,15u,74404042150,,smt
L6,1,0,L_0603_1608Metric,,smt
"R1, R2",2,4K7,R_0402_1005Metric,,smt
"R11, R12, R3, R4",4,10K,R_0402_1005Metric,,smt
"R5, R6",2,100K,R_0402_1005Metric,,smt
"R7, R8",2,1K,R_0402_1005Metric,,smt
"TP1, TP2, TP3, TP4, TP5, TP6, TP7, TP8, TP9",9,ProgPin,TestPoint_Pad_D1.0mm,,tht
U1,1,RAK3172-SIP,RAK3172-SiP_LGA75,,smt
U2,1,NBM7100ABQX,NBM7100ABQX,,smt
U3,1,ZD24C08A,SOT-23-5,,smt
U4,1,BME688,BME680-PSON80P300X300X100-8N,,smt
U5,1,RV-3028-C7,MicroCrystal_C7_SON-8_1.5x3.2mm_P0.9mm,,smt
