﻿pos_x,pos_y,rotation,side,designator,mpn,pack,value,mount_type,place
161.509599,-110.555,-90.0,top,AE1,,Texas_SWRA416_868MHz_915MHz,Antenna,smt,True
115.95,-110.555,90.0,bottom,BT1,,BAT-SMD_MY-2032-12,Battery_Cell,smt,True
115.94,-110.595,-90.0,top,BT2,,BAT-SMD_MY-2032-12,Battery_Cell,smt,True
137.120999,-102.3,180.0,bottom,C1,,C_0402_1005Metric,4u7,smt,True
134.933999,-106.364,-90.0,top,C10,,C_0402_1005Metric,100n,smt,True
143.061999,-100.2934,0.0,top,C11,,C_0402_1005Metric,100n,smt,True
143.696999,-102.046,90.0,bottom,C12,,C_0402_1005Metric,1u,smt,True
144.712999,-102.046,90.0,bottom,C13,,C_0402_1005Metric,1u,smt,True
148.268999,-104.205,180.0,bottom,C14,,C_0402_1005Metric,100n,smt,True
136.915199,-114.3142,90.0,bottom,C15,,C_0402_1005Metric,1u,smt,True
144.585999,-108.396,0.0,bottom,C16,,CP_EIA-7343-40_Kemet-Y,470u,smt,True
140.013999,-112.333,0.0,bottom,C17,,C_0603_1608Metric,10u,smt,True
153.513799,-106.0591,0.0,top,C18,,C_0603_1608Metric,DNP,smt,True
140.318799,-118.81,0.0,bottom,C19,,C_0402_1005Metric,1u,smt,True
137.120999,-104.332,180.0,bottom,C2,,C_0402_1005Metric,1u,smt,True
153.513799,-101.5634,0.0,top,C20,,C_0603_1608Metric,DNP,smt,True
143.773199,-120.1816,180.0,bottom,C21,,C_1206_3216Metric,22u,smt,True
153.806199,-112.714,180.0,top,C22,,C_0402_1005Metric,100n,smt,True
153.348999,-114.111,-90.0,top,C23,,C_0402_1005Metric,100n,smt,True
129.044999,-108.777,0.0,top,C24,,C_0402_1005Metric,100n,smt,True
132.520999,-102.935,-90.0,top,C25,,C_0402_1005Metric,1u,smt,True
137.120999,-105.348,180.0,bottom,C3,,C_0402_1005Metric,4u7,smt,True
137.120999,-108.396,180.0,bottom,C4,,C_0402_1005Metric,4u7,smt,True
137.120999,-109.412,180.0,bottom,C5,,C_0402_1005Metric,100n,smt,True
137.120999,-103.316,180.0,bottom,C6,,C_0402_1005Metric,100n,smt,True
137.120999,-106.364,180.0,bottom,C7,,C_0402_1005Metric,100n,smt,True
137.120999,-107.38,180.0,bottom,C8,,C_0402_1005Metric,100n,smt,True
133.790999,-106.364,-90.0,top,C9,,C_0402_1005Metric,470n,smt,True
149.411999,-120.43,90.0,top,D1,,D_SOD-882,ESD5651N,smt,True
152.713999,-120.43,90.0,top,D2,,D_SOD-882,ESD5651N,smt,True
136.203999,-120.461,90.0,top,D3,,D_SOD-882,ESD5651N,smt,True
139.505999,-120.461,90.0,top,D4,,D_SOD-882,ESD5651N,smt,True
142.807999,-120.43,90.0,top,D5,,D_SOD-882,ESD5651N,smt,True
146.109999,-120.43,90.0,top,D6,,D_SOD-882,ESD5651N,smt,True
129.599999,-120.461,90.0,top,D7,,D_SOD-882,ESD5651N,smt,True
132.901999,-120.461,90.0,top,D8,,D_SOD-882,ESD5651N,smt,True
128.075999,-117.657,-90.0,bottom,J1,,Battery_Pad,Conn_01x02,smt,True
132.520999,-117.667,-90.0,bottom,JP1,,SolderJumper-3_P1.3mm_Open_RoundedPad1.0x1.5mm,OUTPUT_SELECT,tht,True
135.060999,-108.904,-90.0,bottom,L1,,L_0402_1005Metric,120,smt,True
134.62,-109.22,-90.0,top,L2,,L_0805_2012Metric,15u,smt,True
142.680999,-102.046,-90.0,bottom,L3,,L_0402_1005Metric,120,smt,True
145.728999,-102.046,-90.0,bottom,L4,,L_0402_1005Metric,120,smt,True
144.585999,-115.762,90.0,bottom,L5,,74404042150,15u,smt,True
154.288799,-103.8239,90.0,top,L6,,L_0603_1608Metric,0,smt,True
135.060999,-101.284,90.0,top,R1,,R_0402_1005Metric,4K7,smt,True
153.806199,-111.698,180.0,top,R11,,R_0402_1005Metric,10K,smt,True
150.393999,-115.762,180.0,top,R12,,R_0402_1005Metric,10K,smt,True
134.044999,-101.284,90.0,top,R2,,R_0402_1005Metric,4K7,smt,True
148.268999,-103.189,0.0,bottom,R3,,R_0402_1005Metric,10K,smt,True
148.268999,-105.221,0.0,bottom,R4,,R_0402_1005Metric,10K,smt,True
135.975399,-117.159,180.0,bottom,R5,,R_0402_1005Metric,100K,smt,True
136.000799,-116.0414,180.0,bottom,R6,,R_0402_1005Metric,100K,smt,True
138.845599,-119.318,90.0,bottom,R7,,R_0402_1005Metric,1K,smt,True
137.829599,-119.318,90.0,bottom,R8,,R_0402_1005Metric,1K,smt,True
131.250999,-120.461,180.0,top,TP1,,TestPoint_Pad_D1.0mm,ProgPin,tht,True
127.948999,-120.461,0.0,top,TP2,,TestPoint_Pad_D1.0mm,ProgPin,tht,True
144.458999,-120.461,-90.0,top,TP3,,TestPoint_Pad_D1.0mm,ProgPin,tht,True
141.156999,-120.461,180.0,top,TP4,,TestPoint_Pad_D1.0mm,ProgPin,tht,True
137.854999,-120.461,180.0,top,TP5,,TestPoint_Pad_D1.0mm,ProgPin,tht,True
134.552999,-120.461,90.0,top,TP6,,TestPoint_Pad_D1.0mm,ProgPin,tht,True
151.062999,-120.461,180.0,top,TP7,,TestPoint_Pad_D1.0mm,ProgPin,tht,True
147.760999,-120.461,180.0,top,TP8,,TestPoint_Pad_D1.0mm,ProgPin,tht,True
154.364999,-120.461,180.0,top,TP9,,TestPoint_Pad_D1.0mm,ProgPin,tht,True
142.371847,-107.258,0.0,top,U1,,RAK3172-SiP_LGA75,RAK3172-SIP,smt,True
139.505999,-115.627848,90.0,bottom,U2,,NBM7100ABQX,NBM7100ABQX,smt,True
129.853999,-102.427,0.0,top,U3,,SOT-23-5,ZD24C08A,smt,True
151.028999,-113.222,180.0,top,U4,,BME680-PSON80P300X300X100-8N,BME688,smt,True
129.933999,-106.745,-90.0,top,U5,,MicroCrystal_C7_SON-8_1.5x3.2mm_P0.9mm,RV-3028-C7,smt,True
