﻿designator,quantity,value,pack,mpn,mount_type
"BT1, BT2",2,Battery_Cell,BAT-SMD_MY-2032-12,,smt
"C1, C3, C4",3,4u7,C_0402_1005Metric,,smt
"C10, C11, C14, C22, C23, C24, C5, C6, C7, C8",10,100n,C_0402_1005Metric,,smt
"C12, C13, C15, C19, C2, C25",6,1u,C_0402_1005Metric,,smt
C16,1,470u,CP_EIA-7343-40_Kemet-Y,,smt
C17,1,10u,C_0603_1608Metric,,smt
"C18, C20",2,DNP,C_0603_1608Metric,,smt
C21,1,22u,C_1206_3216Metric,,smt
C9,1,470n,C_0402_1005Metric,,smt
E1,1,ANT-915-USP410,XDCR_ANT-915-USP410,,smt
J1,1,Conn_01x02,Battery_Pad,,smt
JP1,1,OUTPUT_SELECT,SolderJumper-3_P1.3mm_Open_RoundedPad1.0x1.5mm,,tht
"L1, L3, L4",3,120,L_0402_1005Metric,,smt
L2,1,15u,L_0805_2012Metric,,smt
L5,1,15u,74404042150,,smt
L6,1,0,L_0603_1608Metric,,smt
"Q1, Q2",2,PMV32UP,SOT-23,,smt
Q3,1,DMG1012UW,SOT-323_SC-70,,smt
"R1, R2",2,4K7,R_0402_1005Metric,,smt
"R10, R14, R15",3,1M,R_0402_1005Metric,,smt
"R11, R12, R3, R4",4,10K,R_0402_1005Metric,,smt
"R5, R6",2,100K,R_0402_1005Metric,,smt
"R7, R8",2,1K,R_0402_1005Metric,,smt
R9,1,16K9,R_0402_1005Metric,,smt
TP1,1,RX2,TestPoint_Pad_D1.0mm,,tht
TP10,1,BATT+,TestPoint_Pad_D1.0mm,,tht
TP2,1,TX2,TestPoint_Pad_D1.0mm,,tht
TP3,1,SWCLK,TestPoint_Pad_D1.0mm,,tht
TP4,1,SWDIO,TestPoint_Pad_D1.0mm,,tht
TP5,1,RST,TestPoint_Pad_D1.0mm,,tht
TP6,1,BOOT,TestPoint_Pad_D1.0mm,,tht
TP7,1,DLY_MDRV,TestPoint_Pad_D1.0mm,,tht
TP8,1,3V0,TestPoint_Pad_D1.0mm,,tht
TP9,1,GND,TestPoint_Pad_D1.0mm,,tht
U1,1,RAK3172-SIP,RAK3172-SiP_LGA75,,smt
U2,1,NBM7100ABQX,NBM7100ABQX,,smt
U3,1,ZD24C08A,SOT-23-5,,smt
U4,1,BME688,BME680-PSON80P300X300X100-8N,,smt
U5,1,TPL5110,SOT-23-6,,smt
