﻿pos_x,pos_y,rotation,side,designator,mpn,pack,value,mount_type,place
115.95,-110.67,90.0,bottom,BT1,,BAT-SMD_MY-2032-12,Battery_Cell,smt,True
115.94,-110.71,-90.0,top,BT2,,BAT-SMD_MY-2032-12,Battery_Cell,smt,True
134.010847,-103.214,90.0,top,C1,,C_0402_1005Metric,4u7,smt,True
132.780847,-110.374,0.0,top,C10,,C_0402_1005Metric,100n,smt,True
142.141847,-101.458,90.0,bottom,C11,,C_0402_1005Metric,100n,smt,True
143.581847,-101.378,0.0,bottom,C12,,C_0402_1005Metric,1u,smt,True
146.01,-101.84,90.0,bottom,C13,,C_0402_1005Metric,1u,smt,True
149.681847,-104.638,-90.0,top,C14,,C_0402_1005Metric,100n,smt,True
136.981847,-111.028,-90.0,bottom,C15,,C_0402_1005Metric,1u,smt,True
138.459347,-106.718,180.0,bottom,C16,,CP_EIA-7343-40_Kemet-Y,470u,smt,True
142.041847,-109.908,180.0,bottom,C17,,C_0603_1608Metric,10u,smt,True
149.931847,-110.158,90.0,top,C18,,C_0603_1608Metric,DNP,smt,True
141.961847,-115.558,90.0,bottom,C19,,C_0402_1005Metric,1u,smt,True
134.550847,-104.644,0.0,top,C2,,C_0402_1005Metric,1u,smt,True
154.381847,-110.158,90.0,top,C20,,C_0603_1608Metric,DNP,smt,True
144.776847,-117.628,180.0,bottom,C21,,C_1206_3216Metric,22u,smt,True
130.661847,-106.008,0.0,top,C22,,C_0402_1005Metric,100n,smt,True
129.231847,-106.458,90.0,top,C23,,C_0402_1005Metric,100n,smt,True
143.871847,-108.208,-90.0,bottom,C24,,C_0402_1005Metric,100n,smt,True
130.361847,-105.648,180.0,bottom,C25,,C_0402_1005Metric,1u,smt,True
134.010847,-106.074,90.0,top,C3,,C_0402_1005Metric,4u7,smt,True
134.990847,-107.954,90.0,top,C4,,C_0402_1005Metric,4u7,smt,True
135.471847,-110.198,90.0,bottom,C5,,C_0402_1005Metric,100n,smt,True
135.000847,-103.214,90.0,top,C6,,C_0402_1005Metric,100n,smt,True
134.990847,-106.074,90.0,top,C7,,C_0402_1005Metric,100n,smt,True
134.010847,-107.954,90.0,top,C8,,C_0402_1005Metric,100n,smt,True
132.780847,-109.394,0.0,top,C9,,C_0402_1005Metric,470n,smt,True
161.571847,-114.458,-90.0,top,E1,,XDCR_ANT-915-USP410,ANT-915-USP410,smt,True
128.587847,-115.863,-90.0,bottom,J1,,Battery_Pad,Conn_01x02,smt,True
149.441847,-117.748,180.0,bottom,JP1,,SolderJumper-3_P1.3mm_Open_RoundedPad1.0x1.5mm,OUTPUT_SELECT,tht,True
134.48,-110.22,90.0,bottom,L1,,L_0402_1005Metric,120,smt,True
134.600847,-110.6765,-90.0,top,L2,,L_0805_2012Metric,15u,smt,True
144.02,-102.825,-90.0,bottom,L3,,L_0402_1005Metric,120,smt,True
145.02,-101.855,-90.0,bottom,L4,,L_0402_1005Metric,120,smt,True
145.661847,-113.133,90.0,bottom,L5,,74404042150,15u,smt,True
152.171847,-109.388,0.0,top,L6,,L_0603_1608Metric,0,smt,True
150.441847,-114.5105,90.0,bottom,Q1,,SOT-23,PMV32UP,smt,True
142.644347,-117.168,180.0,top,Q2,,SOT-23,PMV32UP,smt,True
139.364347,-117.168,-90.0,top,Q3,,SOT-323_SC-70,DMG1012UW,smt,True
134.471847,-101.758,0.0,top,R1,,R_0402_1005Metric,4K7,smt,True
147.711847,-105.838,180.0,bottom,R10,,R_0402_1005Metric,1M,smt,True
131.651847,-106.988,0.0,top,R11,,R_0402_1005Metric,10K,smt,True
132.551847,-100.748,180.0,top,R12,,R_0402_1005Metric,10K,smt,True
145.091847,-117.938,-90.0,top,R14,,R_0402_1005Metric,1M,smt,True
140.7394,-114.6048,0.0,top,R15,,R_0402_1005Metric,1M,smt,True
134.471847,-100.748,0.0,top,R2,,R_0402_1005Metric,4K7,smt,True
150.671847,-106.538,-90.0,top,R3,,R_0402_1005Metric,10K,smt,True
150.671847,-104.618,-90.0,top,R4,,R_0402_1005Metric,10K,smt,True
136.031847,-113.488,180.0,bottom,R5,,R_0402_1005Metric,100K,smt,True
136.031847,-112.488,180.0,bottom,R6,,R_0402_1005Metric,100K,smt,True
140.511847,-116.458,180.0,bottom,R7,,R_0402_1005Metric,1K,smt,True
139.061847,-117.028,90.0,bottom,R8,,R_0402_1005Metric,1K,smt,True
144.481847,-106.058,180.0,bottom,R9,,R_0402_1005Metric,16K9,smt,True
129.041847,-117.718,0.0,top,TP1,,TestPoint_Pad_D1.0mm,RX2,tht,True
133.9596,-119.778,0.0,top,TP10,,TestPoint_Pad_D1.0mm,BATT+,tht,True
129.041847,-115.648,-90.0,top,TP2,,TestPoint_Pad_D1.0mm,TX2,tht,True
129.041847,-111.478,180.0,top,TP3,,TestPoint_Pad_D1.0mm,SWCLK,tht,True
129.041847,-109.418,0.0,top,TP4,,TestPoint_Pad_D1.0mm,SWDIO,tht,True
151.881847,-101.238,90.0,top,TP5,,TestPoint_Pad_D1.0mm,RST,tht,True
153.981847,-101.228,90.0,top,TP6,,TestPoint_Pad_D1.0mm,BOOT,tht,True
129.041847,-113.548,0.0,top,TP7,,TestPoint_Pad_D1.0mm,DLY_MDRV,tht,True
149.781847,-101.238,180.0,top,TP8,,TestPoint_Pad_D1.0mm,3V0,tht,True
129.041847,-119.778,180.0,top,TP9,,TestPoint_Pad_D1.0mm,GND,tht,True
142.371847,-107.258,0.0,top,U1,,RAK3172-SiP_LGA75,RAK3172-SIP,smt,True
139.791847,-112.765301,90.0,bottom,U2,,NBM7100ABQX,NBM7100ABQX,smt,True
131.091847,-103.428,180.0,bottom,U3,,SOT-23-5,ZD24C08A,smt,True
130.741847,-103.508,90.0,top,U4,,BME680-PSON80P300X300X100-8N,BME688,smt,True
146.516847,-108.078,0.0,bottom,U5,,SOT-23-6,TPL5110,smt,True
